SchoolID,SchoolName,FullName,CPSUnit
400010,Ace Technical Chtr HS,"Architecture, Construction, and Engineering(ACE)Technical Charter School",7950
609772,Addams,Jane Addams Elementary School,2020
609773,Agassiz,Louis A Agassiz Elementary School,2030
610513,Air Force HS,Air Force Academy High School,1055
610212,Albany Park,Albany Park Multicultural Academy,6290
609774,Alcott ES,Louisa May Alcott Elementary School,2040
610524,Alcott HS,Alcott High School for the Humanities,8035
609848,Aldridge,Ira F Aldridge Elementary School,2710
400012,Amandla Chtr HS,Amandla Charter High School,2035
609780,Ames,Ames Middle School,2090
609695,Amundsen HS,Roald Amundsen High School,1210
609951,Ariel,Ariel Elementary Community Academy,3640
609777,Armour,Phillip D Armour Elementary School,2070
609779,"Armstrong, G",George Armstrong International Studies ES,2080
610287,Ashburn,Ashburn Community Elementary School,7100
610268,Ashe,Arthur R Ashe Elementary School,6900
400060,Asian Human Services Chtr - Passages,Asian Human Services - Passages Charter School,6850
400013,Aspira Chtr - Early College HS,ASPIRA Charter - Early College,7803
400017,Aspira Chtr - Haugan,ASPIRA Charter - Haugan Campus,3500
400015,Aspira Chtr - Ramirez HS,ASPIRA Charter - Mirta Ramirez Computer Science,7800
609781,Attucks,Crispus Attucks Elementary School,2100
609782,Audubon,John J Audubon Elementary School,2110
400018,Austin Bus & Entrp HS,Austin Business and Entrepreneurship Academy HS,7020
610501,Austin Poly HS,Austin Polytechnical Academy High School,1065
609786,Avalon Park,Avalon Park Elementary School,2130
610544,Azuela,Mariano Azuela Elementary School,8660
610563,Back Of The Yards Ib HS,Back of the Yards IB HS,9623
610555,Banner Academy West HS,Banner Academy West,8685
609788,Barnard,Alice L Barnard Computer Math & Science Ctr ES,2150
609789,Barry,John Barry Elementary School,2160
609790,Barton,Clara Barton Elementary School,2170
609791,Bass,Perkins Bass Elementary School,2180
609792,Bateman,Newton Bateman Elementary School,2190
610083,Beard,Daniel C Beard Elementary School,4950
610246,Beasley,Edward Beasley Elementary Magnet Academic Center,6660
609796,Beaubien,Jean Baptiste Beaubien Elementary School,2240
610237,Beethoven,Ludwig Van Beethoven Elementary School,6540
609797,Beidler,Jacob Beidler Elementary School,2250
609798,Belding,Hiram H Belding Elementary School,2260
609799,Bell,Alexander Graham Bell Elementary School,2270
609922,Belmont-cragin,Belmont-Cragin Elementary School,3390
609800,Bennett,Frank I Bennett Elementary School,2280
610350,Black,Robert A Black Magnet Elementary School,7860
609803,Blaine,James G Blaine Elementary School,2300
610087,Blair,Blair Early Childhood Center,4990
609698,Bogan HS,William J Bogan High School,1230
610238,Bond,Carrie Jacobs Bond Elementary School,6550
609804,Boone,Daniel Boone Elementary School,2320
609815,Bouchet,Edward A Bouchet Math & Science Academy ES,2430
610323,Bowen HS,Bowen High School,7540
609806,Bradwell,Myra Bradwell Communications Arts & Sciences ES,2340
610242,Brennemann,Joseph Brennemann Elementary School,6600
609809,Brentano,Lorenz Brentano Math & Science Academy ES,2370
609810,Bridge,Norman A Bridge Elementary School,2380
610566,Bridgescape Academy Of North Lawndale,Magic Johnson Bridgescape Academy North Lawndale,9631
610567,Bridgescape Academy Of South Shore,Magic Johnson Bridgescape Academy South Shore,9632
609811,Bright,Orville T Bright Elementary School,2390
610317,Brighton Park,Brighton Park Elementary School,7470
610381,Bronzeville HS,Bronzeville Scholastic Academy High School,7270
400019,Bronzeville Lthouse Chtr Campus,Bronzeville Lighthouse Charter Elementary School,3990
609726,Brooks HS,Gwendolyn Brooks College Preparatory Academy HS,1500
610091,"Brown, R",Ronald Brown Elementary Community Academy,5040
609812,"Brown, W",William H Brown Elementary School,2400
609813,Brownell,Charles S Brownell Elementary School,2410
609830,Brunson,Milton Brunson Math & Science Specialty ES,2550
609817,Budlong,Lyman A Budlong Elementary School,2440
609818,Burbank,Luther Burbank Elementary School,2450
609819,Burke,Edmond Burke Elementary School,2460
609820,Burley,Augustus H Burley Elementary School,2470
609821,Burnham,Burnham Elementary Inclusive Academy,2480
609827,Burnside,Burnside Elementary Scholastic Academy,2520
609828,Burr,Jonathan Burr Elementary School,2530
609829,Burroughs,John C Burroughs Elementary School,2540
609832,Byrne,Michael M Byrne Elementary School,2570
609833,Caldwell,Charles P Caldwell Academy of Math & Science ES,2580
610353,Calmeca,Calmeca Academy of Fine Arts and Dual Language,7880
610565,Camelot - Excel Academy Of Englewood,Excel Academy of Englewood,9630
610572,Camelot - Safe School Program ES,Camelot Safe Academy Elementary,9637
610573,Camelot - Safe School Program HS,Camelot Safe Academy High School,9638
609835,Cameron,Daniel R Cameron Elementary School,2610
610539,Camras,Marvin Camras Elementary School,8600
610018,Canter,Miriam G Canter Middle School,4260
609836,Canty,Arthur E Canty Elementary School,2620
610024,Cardenas,Lazaro Cardenas Elementary School,4320
609837,Carnegie,Andrew Carnegie Elementary School,2630
609839,Carroll,Carroll-Rosenwald Specialty Elementary School,2650
609842,Carson,Rachel Carson Elementary School,2660
609844,Carter,William W Carter Elementary School,2670
609845,"Carver , G",George Washington Carver Primary School,2690
609760,Carver Military,George Washington Carver Military Academy HS,1850
610021,Casals,Pablo Casals Elementary School,4290
609849,Cassell,George F Cassell Elementary School,2720
609826,Castellanos,Rosario Castellanos Elementary School,2510
400021,Catalyst Chtr - Circle Rock,Catalyst Elementary School - Circle Rock,4371
400020,Catalyst Chtr - Howland,Catalyst Charter ES - Howland,4370
400115,Catalyst Chtr - Maria,Catalyst-Maria Charter School,9032
610251,Cather,Willa Cather Elementary School,6730
609851,Chalmers,Thomas Chalmers Specialty Elementary School,2740
609852,Chappell,Eliza Chappell Elementary School,2750
609853,Chase,Salmon P Chase Elementary School,2760
610148,Chavez,Cesar E Chavez Multicultural Academic Center ES,5640
610248,Chgo Acad ES,Chicago Academy Elementary School,6670
610340,Chgo Acad HS,Chicago Academy High School,7770
609753,Chgo Agr HS,Chicago High School for Agricultural Sciences,1790
400022,Chgo Arts Contr HS,Chicago High School for the Arts,8047
400035,Chgo Math & Sci Acad Campus HS,Chicago Math and Science Academy High School,7940
609754,Chgo Military Acad HS,Chicago Military Academy High School,1800
400093,Chgo Talent Chtr HS,Chicago Talent Development HS,8053
,Chicago Collegiate Chtr School,Chicago Charter Collegiate HS,9618
400147,Chicago Excel Contr Acad,Chicago Excel Academy,9066
400113,Chicago Quest North,Chicago Intl Charter - Chicago Quest North,8672
400091,Chicago Tech Academy,Chicago Technology Academy High School,8022
400036,Chicago Virtual Chtr Campus HS,Chicago Virtual Charter High School,7700
609674,Chicago Vocational HS,Chicago Vocational Career Academy High School,1010
609854,Chopin,Frederic Chopin Elementary School,2770
609855,Christopher,Walter S Christopher Elementary School,2780
400159,Christopher House Chtr School,Christopher Charter House ES,9616
400023,Cics - Avalon /so Shore,Chicago Intl Charter - Avalon / South Shore,6580
400024,Cics - Basil,Chicago Intl Charter - Basil,7130
400025,Cics - Bucktown,Chicago Intl Charter - Bucktown,4910
400032,Cics - Ellison,Chicago Intl Charter - Ralph Ellison,4911
400108,Cics - Hawkins,Chicago Intl Charter - Larry Hawkins,8110
400027,Cics - Irving Park,Chicago Intl Charter - Irving Park,4913
400092,Cics - Lloyd Bond,Chicago Intl Charter - Lloyd Bond,8049
400033,Cics - Longwood,Chicago Intl Charter - Longwood,2420
400026,Cics - Loomis,Chicago Intl Charter - Loomis Primary,4914
400034,Cics - Northtown,Chicago Intl Charter - Northtown,7740
400028,Cics - Prairie,Chicago Intl Charter - Prairie,4220
400029,Cics - Washington Park,Chicago Intl Charter - Washington Park,2290
400030,Cics - West Belden,Chicago Intl Charter - West Belden,7120
400031,Cics - Wrightwood,Chicago Intl Charter - Wrightwood,3180
610347,Claremont,Claremont Academy Elementary School,7830
610244,Clark HS,Michele Clark Academic Prep Magnet High School,6620
609795,"Clark, G",George Rogers Clark Elementary School,2230
609856,Clay,Henry Clay Elementary School,2790
609759,Clemente HS,Roberto Clemente Community Academy High School,1840
609857,Cleveland,Grover Cleveland Elementary School,2800
609859,Clinton,DeWitt Clinton Elementary School,2810
609861,Clissold,Henry R Clissold Elementary School,2820
610199,Colemon,Johnnie Colemon Elementary Academy,6170
609862,Coles,Edward Coles Elementary Language Academy,2830
610499,Collins HS,Collins Academy High School,1045
610170,Columbia Explorers,Columbia Explorers Elementary Academy,5860
609863,Columbus,Christopher Columbus Elementary School,2850
400038,Community Services West,Community Services West Academy,1225
609864,Cook,John W Cook Elementary School,2860
609866,Coonley,John C Coonley Elementary School,2880
609867,Cooper,Peter Cooper Elementary Dual Language Academy,2890
609870,Corkery,Daniel J Corkery Elementary School,2910
609761,Corliss HS,George H Corliss High School,1860
610355,Courtenay,Mary E Courtenay Elementary Language Arts Center,7910
609702,Crane HS,Richard T Crane Technical Preparatory HS,1270
610561,Crane Medical Prep,Richard T Crane Medical Preparatory HS,9621
609873,Crown,Crown Community Academy of Fine Arts Center ES,2940
610003,Cuffe,Paul Cuffe Math-Science Technology Academy ES,4090
610004,Cullen,Countee Cullen Elementary School,4100
609756,Curie HS,Marie Sklodowska Curie Metropolitan High School,1820
609900,Curtis,George W Curtis Elementary School,3160
610239,Daley,Richard J Daley Elementary Academy,6560
609875,Darwin,Charles R Darwin Elementary School,2960
610521,"Davis, M",Sir Miles Davis Magnet Elementary Academy,7000
609876,"Davis, N",Nathan S Davis Elementary School,2970
609879,Dawes,Charles Gates Dawes Elementary School,2980
610367,De Priest,Oscar DePriest Elementary School,8050
609880,Decatur,Stephen Decatur Classical Elementary School,2990
609883,Deneen,Charles S Deneen Elementary School,3010
610252,Dett,Robert Nathaniel Dett Elementary School,6740
609884,Dever,William E Dever Elementary School,3020
610402,Devry HS,DeVry University Advantage Academy HS,6990
609885,Dewey,Dewey Elementary Academy of Fine Arts,3030
610313,Diego,Jose De Diego Elementary Community Academy,7420
609874,Dirksen,Everett McKinley Dirksen Elementary School,2950
610363,Disney,Walt Disney Magnet Elementary School,8000
610515,Disney Ii,Disney II Magnet School,8045
,Disney Ii HS,Disney II Magnet High School,9626
609887,Dixon,Arthur Dixon Elementary School,3040
609888,Dodge,Mary Mapes Dodge Elementary Renaissance Academy,3050
609891,Doolittle,James R Doolittle Jr Elementary School,3070
609893,Dore,John C Dore Elementary School,3080
610245,Douglass HS,Frederick A Douglass Academy High School,6630
609894,Drake,John B Drake Elementary School,3100
609896,Drummond,Thomas Drummond Elementary School,3120
610364,Dubois,William E B Dubois Elementary School,8010
610263,Dulles,John Foster Dulles Elementary School,6860
609676,Dunbar HS,Paul Laurence Dunbar Career Academy High School,1030
610188,Dunne Tech Acad,Dunne Technology Academy,6050
610352,Durkin Park,Durkin Park Elementary School,7870
610254,Dvorak Tech Acad,Dvorak Technology Academy,6760
609736,Dyett HS,Dyett High School,1600
610316,Earhart,Amelia Earhart Options for Knowledge ES,7450
609897,Earle,Charles W Earle Elementary School,3130
609898,Eberhart,John F Eberhart Elementary School,3140
609899,Ebinger,Christian Ebinger Elementary School,3150
609901,Edgebrook,Edgebrook Elementary School,3170
610523,Edison Park,Edison Park Elementary School,2085
609794,"Edison, T",Thomas A Edison Regional Gifted Center ES,2220
609903,Edwards,Richard Edwards Elementary School,3200
609904,Ellington,Edward K Ellington Elementary School,3220
400094,Epic Chtr HS,EPIC Academy High School,8058
609907,Ericson,Leif Ericson Elementary Scholastic Academy,3240
400039,Erie Chtr Campus,Erie Elementary Charter School,5780
609908,Esmond,Esmond Elementary School,3250
609909,Everett,Edward Everett Elementary School,3260
610319,Evergreen,Evergreen Academy Middle School,7490
610362,Evers,Medgar Evers Elementary School,7990
610057,Fairfield,Fairfield Elementary Academy,4660
609910,Falconer,Laughlin Falconer Elementary School,3270
610055,Faraday,Michael Faraday Elementary School,4640
609912,Farnsworth,James B Farnsworth Elementary School,3280
609704,Farragut HS,David G Farragut Career Academy High School,1300
609705,Fenger HS,Christian Fenger Academy High School,1310
609917,Fernwood,Fernwood Elementary School,3330
609918,Field,Eugene Field Elementary School,3350
609967,Finkl,William F Finkl Elementary School,3760
609919,Fiske,John Fiske Elementary School,3360
400042,Ford Chtr HS,Henry Ford Academy Power House Charter HS,1165
609708,Foreman HS,Edwin G Foreman High School,1330
609924,Fort Dearborn,Fort Dearborn Elementary School,3400
609927,Foster Park,Foster Park Elementary School,3430
609926,Franklin,Franklin Elementary Fine Arts Center,3420
400040,Frazier Chtr,Frazier Preparatory Academy Elementary School,6650
610503,Frazier Prospective,Frazier Prospective IB Magnet ES,5850
609928,Fuller,Melville W Fuller Elementary School,3440
609929,Fulton,Robert Fulton Elementary School,3450
609930,Funston,Frederick Funston Elementary School,3460
609709,Gage Park HS,Gage Park High School,1340
400041,Galapagos Chtr Campus,Galapagos Elementary Charter School,5840
609933,Gale,Stephen F Gale Elementary Community Academy,3480
610009,Galileo,Galileo Math & Science Scholastic Academy ES,4160
609935,Gallistel,Matthew Gallistel Elementary Language Academy,3490
610128,Garvey,Marcus Moziah Garvey Elementary School,5420
609937,Garvy,John W Garvy Elementary School,3510
609938,Gary,Joseph E Gary Elementary School,3520
609939,Gillespie,Frank L Gillespie Elementary School,3530
400009,Global Citizenship Chtr,Academy for Global Citizenship Elementary School,2025
609942,Goethe,Johann W von Goethe Elementary School,3560
609943,Gompers,Samuel Gompers Fine Arts Options ES,3570
610558,Goode Acad HS,Sarah E. Goode STEM Academy,9598
609945,Goudy,William C Goudy Elementary School,3590
609947,Graham,Alexander Graham Elementary School,3600
609769,"Graham,r HS",Ray Graham Training Center High School,1950
609949,"Gray, W",William P Gray Elementary School,3620
610383,Greater Lawndale HS,Greater Lawndale High School For Social Justice,7600
609850,Greeley,Horace Greeley Elementary School,2730
610032,Green,Wendell E Green Elementary School,4410
609952,Greene,Nathanael Greene Elementary School,3650
609954,Gregory,John Milton Gregory Elementary School,3660
609955,Gresham,Walter Q Gresham Elementary School,3670
609956,Grimes,Robert L Grimes Elementary School,3680
609944,Grissom,Virgil Grissom Elementary School,3580
609958,Gunsaulus,Frank W Gunsaulus Elementary Scholastic Academy,3690
609959,Haines,John Charles Haines Elementary School,3700
609960,Hale,Nathan Hale Elementary School,3710
609808,Haley,Alex Haley Elementary Academy,2360
609963,Hamilton,Alexander Hamilton Elementary School,3730
609964,Hamline,John H Hamline Elementary School,3740
609966,Hammond,Charles G Hammond Elementary School,3750
609807,Hampton,Lionel Hampton Fine & Performing Arts ES,2350
609694,Hancock HS,John Hancock College Preparatory High School,1200
610068,Hanson Park,Hanson Park Elementary School,4770
609710,Harlan HS,John M Harlan Community Academy High School,1350
609711,Harper HS,William Rainey Harper High School,1360
609969,Harte,Bret Harte Elementary School,3780
609971,Harvard,John Harvard Elementary School of Excellence,3800
609972,Haugan,Helge A Haugan Elementary School,3810
609974,Hawthorne,Hawthorne Elementary Scholastic Academy,3830
609975,Hay,John Hay Elementary Community Academy,3840
609976,Hayt,Stephen K Hayt Elementary School,3850
609979,Healy,Robert Healy Elementary School,3880
609981,Hearst,Phobe Apperson Hearst Elementary School,3890
609983,Hedges,James Hedges Elementary School,3900
609985,Hefferan,Helen M Hefferan Elementary School,3910
609986,Henderson,Charles R Henderson Elementary School,3920
609987,Hendricks,Thomas A Hendricks Elementary Community Academy,3930
609988,Henry,Patrick Henry Elementary School,3940
610532,Hernandez,Irene C. Hernandez Middle School for the Advancement of Science,8021
609961,Heroes,Ninos Heroes Elementary Academic Center,3720
609991,Herzl,Theodore Herzl Elementary School,3970
609994,Hibbard,William G Hibbard Elementary School,4000
610295,Higgins,Thomas J Higgins Elementary Community Academy,7210
610299,Hinton,William A Hinton Elementary School,7250
609712,Hirsch HS,Emil G Hirsch Metropolitan High School,1380
609995,Hitch,Rufus M Hitch Elementary School,4010
609996,Holden,Charles N Holden Elementary School,4020
609997,Holmes,Oliver Wendell Holmes Elementary School,4030
400043,Hope Contr ES,Hope Institute Learning Academy,8067
609768,Hope HS,Hope College Preparatory High School,1940
610000,Howe,Julia Ward Howe Elementary School of Excellence,4060
610002,Hoyne,Thomas Hoyne Elementary School,4080
609741,Hubbard HS,Gurdon S Hubbard High School,1670
610005,"Hughes, C",Charles Evans Hughes Elementary School,4110
610368,"Hughes, L",Langston Hughes Elementary School,8060
610006,Hurley,Edward N Hurley Elementary School,4120
609713,Hyde Park HS,Hyde Park Academy High School,1390
610384,Infinity HS,Infinity Math Science and Technology High School,7680
400104,Instituto Acad Chtr Health,Instituto Health Sciences Career Academy HS,8026
400148,Instituto Justice Chtr Acad,Instituto Justice and Leadership Acad Charter HS,9065
610078,Inter-american,Inter-American Elementary Magnet School,4890
400162,Intrinsic Schools,Intrinsic Charter HS,9619
610121,Irving,Washington Irving Elementary School,5350
610060,"Jackson, A",Andrew Jackson Elementary Language Academy,4690
610369,"Jackson, M",Mahalia Jackson Elementary School,8090
610010,Jahn,Friedrich Ludwig Jahn Elementary School,4170
610011,Jamieson,Minnie Mars Jamieson Elementary School,4180
609783,Jefferson Alt HS,Nancy B Jefferson Alternative High School,2120
610012,Jenner,Edward Jenner Elementary Academy of the Arts,4200
610271,Jensen,Jensen Elementary Scholastic Academy,6920
610274,Johnson,James Weldon Johnson Elementary School,6940
609678,Jones HS,William Jones College Preparatory High School,1060
609805,Joplin,Scott Joplin Elementary School,2330
609865,Jordan,Jordan Elementary Community School,2870
609764,Juarez HS,Benito Juarez Community Academy High School,1890
609762,Julian HS,Percy L Julian High School,1870
610015,Jungman,Joseph Jungman Elementary School,4230
609920,Kanoon,Gerald Delgado Kanoon Elementary Magnet School,3370
610084,Keller,Annie Keller Elementary Gifted Magnet School,4960
609925,Kellman,Joseph Kellman Corporate Community ES,3410
610016,Kellogg,Kate S Kellogg Elementary School,4240
609715,Kelly HS,Thomas Kelly High School,1400
609716,Kelvyn Park HS,Kelvyn Park High School,1410
609718,Kennedy HS,John F Kennedy High School,1420
609746,Kenwood HS,Kenwood Academy High School,1710
610019,Kershaw,Joshua D Kershaw Elementary School,4270
610022,Kilmer,Joyce Kilmer Elementary School,4300
609751,King HS,Dr  Martin Luther King  Jr  College Prep HS,1760
610026,Kinzie,John H Kinzie Elementary School,4330
610027,Kipling,Rudyard Kipling Elementary School,4350
400044,Kipp Ascend Chtr Campus,KIPP Ascend Academy Charter Elementary School,7810
400163,Kipp Bloom Chtr Campus,KIPP Charter Bloom,9627
400146,Kipp Create,KIPP Charter Create,9605
610030,Kozminski,Charles Kozminski Elementary Community Academy,4390
609719,Lake View HS,Lake View High School,1430
609720,Lane HS,Albert G Lane Technical High School,1440
609869,Langford,Anna R. Langford Community Academy,2900
609993,Lara,Agustin Lara Elementary Academy,3980
610033,Lasalle,LaSalle Elementary Language Academy,4420
610520,Lasalle Ii,LaSalle II Magnet Elementary School,8040
610208,Lavizzo,Mildred I Lavizzo Elementary School,6260
610034,Lawndale,Lawndale Elementary Community Academy,4430
400107,Learn Chrt - So Chicago,LEARN  Charter School-South Chicago Campus,8029
400151,Learn Chtr - 7,Learn Charter 7 ES,9608
400046,Learn Chtr - Butler,LEARN Charter ES - Romano Butler Campus,6770
400047,Learn Chtr - Campbell,LEARN Charter ES - Charles and Dorothy Campbell,8072
400048,Learn Chtr - Excel,LEARN Charter ES - Excel,6775
400111,Learn Chtr - Hunter Perkins,LEARN Charter School - Hunter Perkins,8677
400165,Learn Chtr - Middle,LEARN Charter - Middle School Campus,9629
610291,Lee,Richard Henry Lee Elementary School,7170
400049,Legacy Chtr Campus,Legacy Charter Elementary School,5870
400119,Legal Prep Chtr - Academy,Legal Prep Charter Academy,9036
610305,Leland,George Leland Elementary School,7320
610298,Lenart,Lenart Elementary Regional Gifted Center,7240
610036,Lewis,Leslie Lewis Elementary School,4450
610037,Libby,Arthur A Libby Elementary School,4470
610038,Lincoln,Abraham Lincoln Elementary School,4480
609738,Lincoln Park HS,Lincoln Park High School,1620
610391,Lindblom HS,Robert Lindblom Math & Science Academy HS,7110
400137,Little Black Pearl,Little Black Pearl Art and Design Academy,9054
609834,Little Village,Little Village Elementary School,2590
610040,Lloyd,Henry D Lloyd Elementary School,4500
400011,"Locke, A Chtr",Alain Locke Charter Elementary Academy,4730
610041,"Locke, J",Josephine C Locke Elementary School,4510
610325,Logandale,Logandale Middle School,7560
610541,Lorca,Federico Garcia Lorca Elementary School,8330
610043,Lovett,Joseph Lovett Elementary School,4530
610044,Lowell,James Russell Lowell Elementary School,4540
610029,Lozano,Rodolfo Lozano Bilingual & International Ctr ES,4380
,Lozano Leadership Academy - Mastery Campus,Instituto Charter Rudy Lozano - RLLAM,9628
610046,Lyon,Mary Lyon Elementary School,4560
610215,Madero,Francisco I Madero Middle School,6310
610047,Madison,James Madison Elementary School,4570
610574,"Mandela, W",Winnie Mandela High School,9639
610048,Manierre,George Manierre Elementary School,4580
609722,Manley HS,Manley Career Academy High School,1460
610052,Mann,Horace Mann Elementary School,4610
610502,Marine Military HS,Marine Military Math and Science Academy,1085
610053,Marquette,Marquette Elementary School,4620
610054,Marsh,John L Marsh Elementary School,4630
609723,Marshall HS,John Marshall Metropolitan High School,1470
610321,"Marshall, T",Thurgood Marshall Middle School,7520
610056,Mason,Roswell B Mason Elementary School,4650
609724,Mather HS,Stephen T Mather High School,1480
610059,Mayer,Oscar F Mayer Elementary School,4680
610290,Mays,Benjamin E Mays Elementary Academy,7150
609968,Mcauliffe,Sharon Christa McAuliffe Elementary School,3770
610062,Mcclellan,George B McClellan Elementary School,4710
610063,Mccormick,Cyrus H McCormick Elementary School,4720
610269,Mccutcheon,John T McCutcheon Elementary School,6910
610066,Mcdade,James E McDade Elementary Classical School,4750
610312,Mcdowell,Mary E McDowell Elementary School,7390
610067,Mckay,Francis M McKay Elementary School,4760
610282,Mcnair,Ronald E McNair Elementary School,7040
610070,Mcpherson,James B McPherson Elementary School,4800
610293,Melody,Genevieve Melody Elementary School,7190
609902,Metcalfe,Ralph H Metcalfe Elementary Community Academy,3190
610171,Mireles,Arnold Mireles Elementary Academy,5880
610073,Mitchell,Ellen Mitchell Elementary School,4840
610276,Mollison,Irvin C Mollison Elementary School,6950
610074,Monroe,James Monroe Elementary School,4850
610075,Montefiore,Moses Montefiore Special Elementary School,4860
400116,Montessori Chtr - Englewood,The Montessori School of Englewood Charter,9033
610076,Moos,Bernhard Moos Elementary School,4870
609725,Morgan Park HS,Morgan Park High School,1490
610077,Morrill,Donald Morrill Math & Science Elementary School,4880
610257,Morton,Morton School of Excellence,6800
610082,Mount Greenwood,Mount Greenwood Elementary School,4940
610086,Mount Vernon,Mount Vernon Elementary School,4980
610088,Mozart,Wolfgang A Mozart Elementary School,5000
610385,Multicultural Acad Scholarship,Multicultural Academy of Scholarship,7630
610089,Murphy,John B Murphy Elementary School,5020
610090,Murray,Phillip Murray Elementary Language Academy,5030
400050,Namaste Chtr Campus,Namaste Charter Elementary School,7920
610092,Nash,Henry H Nash Elementary School,5050
610231,National Teachers,National Teachers Elementary Academy,6480
610093,Neil,Jane A Neil Elementary School,5060
610094,Nettelhorst,Louis Nettelhorst Elementary School,5070
610284,New Field,New Field Elementary School,7060
610193,New Sullivan,William K New Sullivan Elementary School,6100
610095,Newberry,Walter L Newberry Math & Science Academy ES,5080
609793,Nicholson Tech Acad,Nicholson Technology Academy,2200
610096,Nightingale,Florence Nightingale Elementary School,5090
610097,Nixon,William P Nixon Elementary School,5100
400045,Nkrumah Contr,Kwame Nkrumah Academy Elementary School,2055
610098,Nobel,Alfred Nobel Elementary School,5110
400157,Noble Street Chtr - Baker College Prep,Noble Street Charter Orange HS,9614
400097,Noble Street Chtr - Chgo Bulls,Noble Street Charter - Chicago Bulls College,8078
400052,Noble Street Chtr - Comer,Noble Street Charter - Gary Comer College Prep,1935
400053,Noble Street Chtr - Golder,Noble Street Charter - Golder College Prep,1934
400106,Noble Street Chtr - Johnson,Noble Street Charter School Ã¢â¬â Johnson HS,8028
400098,Noble Street Chtr - Muchin,Noble Street Charter - Muchin College Prep,8079
400051,Noble Street Chtr - Noble,Noble Street Charter - Noble Street College Prep,1930
400054,Noble Street Chtr - Pritzker,Noble Street Charter - Pritzker College Prep,1931
400156,Noble Street Chtr - Pullman College Prep,Noble Street Charter  Crimson HS,9613
400118,Noble Street Chtr - Purple,Noble Street Charter School - Purple,9035
400055,Noble Street Chtr - Rauner,Noble Street Charter - Rauner College Prep,1932
400056,Noble Street Chtr - Rowe Clark,Noble Street Charter - Rowe-Clark Math & Sci Acad,1933
400117,Noble Street Chtr - Silver HS,Noble Street Charter School - Silver,9034
400057,Noble Street Chtr - Uic,Noble Street Charter - UIC College Prep,1936
610354,North River,North River Elementary School,7890
609691,North-grand HS,North-Grand High School,1140
609744,Northside Learning HS,Northside Learning Center High School,1690
609749,Northside Prep HS,Northside College Preparatory High School,1740
610051,Northwest,Northwest Middle School,4600
610099,Norwood Park,Norwood Park Elementary School,5120
400058,Nth Lawndale Chtr - Christiana,North Lawndale College Prep Charter - Christiana,1105
400059,Nth Lawndale Chtr - Collins,North Lawndale College Prep Charter - Collins,1106
610103,O'keeffe,Isabelle C O'Keeffe Elementary School,5180
610108,O'toole,Luke O'Toole Elementary School,5230
610101,Ogden,William B Ogden Elementary School,5150
610529,Ogden HS,Ogden International High School,8083
610102,Oglesby,Richard J Oglesby Elementary School,5170
610569,Ombudsman 1 HS,Ombudsman #1,9634
610570,Ombudsman 2 HS,Ombudsman #2,9635
610571,Ombudsman 3 HS,Ombudsman #3,9636
610104,Onahan,William J Onahan Elementary School,5190
610105,Oriole Park,Oriole Park Elementary School,5200
610329,Orozco,Orozco Fine Arts & Sciences Elementary School,7610
610389,Orr HS,Orr Academy High School,1830
609950,Ortiz De Dominguez,Josefa Ortiz De Dominguez Elementary School,3630
610107,Otis,James Otis Elementary School,5220
610109,Owen,William Bishop Owen Scholastic Academy ES,5240
610111,Palmer,John Palmer Elementary School,5260
610115,Park Manor,Park Manor Elementary School,5290
610112,Parker,Francis W Parker Elementary Community Academy,5270
610116,Parkside,Parkside Elementary Community Academy,5300
610117,Pasteur,Louis Pasteur Elementary School,5310
610557,Pathways Education HS,Pathways in Education,8687
610568,Pathways Education HS - Avondale,Pathways in Education Avondale,9633
609680,Payton HS,Walter Payton College Preparatory High School,1090
610386,Peace & Education HS,Peace & Education Coalition High School,1123
610120,Peck,Ferdinand Peck Elementary School,5340
610122,Peirce,Helen Peirce International Studies ES,5360
610123,Penn,William Penn Elementary School,5370
609872,Perez,Manuel Perez Elementary School,2930
610126,Pershing,John J Pershing Elementary Humanities Magnet,5400
400062,Perspectives Chtr - Calumet Tech,Perspectives Charter - Calumet Technology,1962
400066,Perspectives Chtr - Iit,Perspectives Charter - IIT Math & Science Academy,1964
400064,Perspectives Chtr - Joslin,Perspectives Charter - Rodney D Joslin,1960
400061,Perspectives Chtr - Leadership Academy,Perspectives Charter Leadership Academy HS,1961
610127,Peterson,Mary Gage Peterson Elementary School,5410
609727,Phillips HS,Wendell Phillips Academy High School,1510
610304,Phoenix Military HS,Phoenix Military Academy High School,7310
610106,Piccolo,Brian Piccolo Elementary Specialty School,5210
610129,Pickard,Josiah Pickard Elementary School,5430
610013,Pilsen,Pilsen Elementary Community Academy,4210
610130,Pirie,John T Pirie Fine Arts & Academic Center ES,5440
610131,Plamondon,Ambrose Plamondon Elementary School,5450
400068,Plato Contr,Plato Learning Academy Elementary School,2045
610132,Poe,Edgar Allan Poe Elementary Classical School,5460
400069,Polaris Chtr Campus,Polaris Charter Academy Elementary School,4150
610135,Portage Park,Portage Park Elementary School,5490
610281,Powell,Adam Clayton Powell Paideia Community Academy ES,7010
610136,Prescott,William H Prescott Elementary School,5500
610533,Prieto,Dr Jorge Prieto Math and Science,8023
610229,Pritzker,A.N. Pritzker School,6460
400070,Prologue HS,Prologue Early College High School,1135
400109,Prologue-johnston Chtr HS,Prologue-Joshua Johnston Charter School,8670
609679,Prosser HS,Charles Allen Prosser Career Academy High School,1070
400071,Providence Chtr - Bunche,Providence Englewood Charter - Bunche,6700
610137,Prussing,Ernst Prussing Elementary School,5510
610138,Pulaski,Pulaski International School of Chicago,5520
610139,Pullman,George M Pullman Elementary School,5530
610334,Raby HS,Al Raby High School,7690
609941,Randolph,Asa Philip Randolph Elementary School,3550
610141,Ravenswood,Ravenswood Elementary School,5550
610142,Ray,William H Ray Elementary School,5560
610143,Reavis,William C Reavis Math & Science Specialty ES,5580
610144,Reilly,Frank W Reilly Elementary School,5590
610145,Reinberg,Peter A Reinberg Elementary School,5600
610146,Revere,Paul Revere Elementary School,5610
609682,Richards HS,Ellen H Richards Career Academy High School,1110
610390,Rickover HS,Hyman G Rickover Naval Academy High School,7140
609707,Robeson HS,Paul Robeson High School,1320
610256,Robinson,Jackie Robinson Elementary School,6780
610147,Rogers,Philip Rogers Elementary School,5630
609728,Roosevelt HS,Theodore Roosevelt High School,1520
400096,Rowe,Rowe Elementary School,8077
610308,Rudolph,Wilma Rudolph Elementary Learning Center,7350
610152,Ruggles,Martha Ruggles Elementary School,5660
610125,Ruiz,Irma C Ruiz Elementary School,5390
610153,Ryder,William H Ryder Math & Science Specialty ES,5670
610342,Sabin,Albert R Sabin Elementary Magnet School,7790
610250,Salazar,Rueben Salazar Elementary Bilingual Center,6720
610226,Sandoval,Socorro Sandoval Elementary School,6430
610017,Saucedo,Maria Saucedo Elementary Scholastic Academy,4250
610155,Sauganash,Sauganash Elementary School,5690
610157,Sawyer,Sidney Sawyer Elementary School,5710
610158,Sayre,Harriet E Sayre Elementary Language Academy,5720
610159,Scammon,Jonathan Y Scammon Elementary School,5730
610178,Schmid,Theophilus Schmid Elementary School,5950
610297,School Of Leadrshp HS,High School of Leadership at South Shore,7230
610165,Schubert,Franz Peter Schubert Elementary School,5800
609729,Schurz HS,Carl Schurz High School,1530
609730,Senn HS,Nicholas Senn High School,1540
610167,Seward,William H Seward Communication Arts Academy ES,5820
400073,Shabazz Chtr - Dusable,Betty Shabazz Intl Charter - DuSable Leadership,4140
400072,Shabazz Chtr - Shabazz,Betty Shabazz Intl Charter,4520
400074,Shabazz Chtr - Sizemore,Betty Shabazz Intl Charter - Barbara A Sizemore,5130
610081,Sheridan,Mark Sheridan Elementary Math & Science Academy,4920
610172,Sherman,William T Sherman Elementary School,5890
610173,Sherwood,Jesse Sherwood Elementary School,5900
610174,Shields,James Shields Elementary School,5910
610559,Shields Middle,James Shields Middle School,9597
610175,Shoesmith,Beulah Shoesmith Elementary School,5920
610176,Shoop,John D Shoop Math-Science Technical Academy ES,5930
609692,Simeon HS,Neal F Simeon Career Academy High School,1150
609750,Simpson HS,Simpson Academy High School for Young Women,1750
610177,Skinner,Mark Skinner Elementary School,5940
610534,Skinner North,Skinner North,8024
609978,Smith,Wendell Smith Elementary School,3870
610179,Smyser,Washington D Smyser Elementary School,5960
610180,Smyth,John M Smyth Elementary School,5970
610182,Solomon,Hannah G Solomon Elementary School,5980
610543,Solorio HS,Eric Solorio Academy High School,8550
609990,South Loop,South Loop Elementary School,3960
610547,South Shore Intl HS,South Shore Intl College Prep High School,8676
610530,Southshore,South Shore Fine Arts Academy,2015
609745,Southside HS,Southside Occupational Academy High School,1700
610183,Spencer Tech Acad,Spencer Technology Academy,6000
610184,Spry,John Spry Elementary Community School,6010
610357,Spry HS,Spry Community Links High School,7930
610339,Stagg,Amos Alonzo Stagg Elementary School,7760
609732,Steinmetz College Prep HS,Charles P Steinmetz College Preparatory HS,1560
610548,Stem ES,STEM Magnet Academy,8678
610185,Stevenson,Adlai E Stevenson Elementary School,6030
610163,Stock,Frederick Stock Elementary School,5770
610191,Stone,Stone Elementary Scholastic Academy,6070
610192,Stowe,Harriet Beecher Stowe Elementary School,6080
610405,Suder,Suder Montessori Magnet ES,6340
609733,Sullivan HS,Roger C Sullivan High School,1570
610194,Sumner,Charles Sumner  Math & Science Community Acad ES,6110
610195,Sutherland,Elizabeth H Sutherland Elementary School,6120
610196,Swift,George B Swift Elementary Specialty School,6130
609734,Taft HS,William Howard Taft High School,1580
610197,Talcott,Mancel Talcott Elementary School,6140
610249,Talman,Talman Elementary School,6680
610279,Tanner,Henry O Tanner Elementary School,6970
610396,Tarkington,Tarkington School of Excellence ES,7160
610198,Taylor,Douglas Taylor Elementary School,6150
610506,Team HS,TEAM Englewood Community Academy High School,8080
609921,Telpochcalli,Telpochcalli Elementary School,3380
610504,Thomas,Velma F Thomas Early Childhood Center,6710
610200,"Thorp, J",James N Thorp Elementary School,6180
610201,"Thorp, O",Ole A Thorp Elementary Scholastic Academy,6190
609735,Tilden HS,Edward Tilden Career Community Academy HS,1590
610065,Till,Emmett Louis Till Math and Science Academy,4740
610202,Tilton,George W Tilton Elementary School,6210
610203,Tonti,Enrico Tonti Elementary School,6220
609895,Turner-drew,Turner-Drew Elementary Language Academy,3110
610206,Twain,Mark Twain Elementary School,6240
400075,Univ Of Chgo Chtr - Donoghue,University of Chicago Charter - Donoghue,2600
400076,Univ Of Chgo Chtr - Nko,University of Chicago Charter - NKO,3060
400077,Univ Of Chgo Chtr - Woodlawn,University of Chicago Charter - Woodlawn,3061
400078,Univ Of Chgo Chtr - Woodson,University of Chicago Charter - Carter G Woodson,3062
400101,Uno Chtr  - Sandra Cisneros,UNO Charter - Sandra Cisneros,8094
400112,Uno Chtr - 51st - Homan,UNO 51st and Homan Charter Elementary School,8671
400081,Uno Chtr - De Las Casas,UNO Charter - Bartolome de Las Casas,3341
400082,Uno Chtr - Fuentes,UNO Charter - Carlos Fuentes,3342
400153,Uno Chtr - Immaculate Conception,UNO Charter 15 ES,9610
400085,Uno Chtr - Major Hector P.Garcia,UNO Charter School - Major Hector P.Garcia MD Campus,3343
400089,Uno Chtr - Marquez,UNO Charter School - Officer Donald J. Marquez,3346
400120,Uno Chtr - Near West,UNO Charter - Near West Elementary,9600
400121,Uno Chtr - Northside,UNO Charter - Rogers Park ES,9038
400083,Uno Chtr - Paz,UNO Charter - Octavio Paz Campus,5810
400080,Uno Chtr - Pfc Omar E.Torres,UNO Charter School - PFC Omar E.Torres Campus,3345
400149,Uno Chtr - Soccer Academy,UNO Soccer Academy High School,9640
400079,Uno Chtr - Spc Daniel Zizumbo,UNO Charter School - SPC Daniel Zizumbo Campus,3344
400114,Uno Chtr - St Marks,UNO Charter Elementary School St Marks,8093
400084,Uno Chtr - Tamayo,UNO Charter - Rufino Tamayo,3340
610394,Uplift HS,Uplift Community High School,2210
400105,Urban Prep Chtr - Bronzeville,Urban Prep Academy for Young Men - Bronzeville,8027
400086,Urban Prep Chtr - Englewood,Urban Prep Acad for Young Men Charter - Englewood,7030
400102,Urban Prep Chtr - West,Urban Prep Academy for Young Men - West,8096
610207,Vanderpoel,John H Vanderpoel Elementary Magnet School,6250
609766,Vaughn HS,Jacqueline B Vaughn Occupational High School,1920
609871,Vick,Barbara Vick Early Childhood & Family Center,2920
610518,Voise HS,VOISE Academy High School,1145
610209,Volta,Alessandro Volta Elementary School,6270
610039,Von Linne,Carl von Linne Elementary School,4490
609737,Von Steuben HS,Friedrich W von Steuben Metropolitan Science HS,1610
610366,Wacker,Charles H Wacker Elementary School,8030
610213,Wadsworth,James Wadsworth Elementary School,6300
610216,Walsh,John A Walsh Elementary School,6320
610217,"Ward, J",James Ward Elementary School,6330
610133,"Ward, L",Laura S Ward Elementary School,5470
610218,Warren,Joseph Warren Elementary School,6350
609739,Washington HS,George Washington High School,1630
610219,"Washington, G",George Washington Elementary School,6360
610124,"Washington, H",Harold Washington Elementary School,5380
610220,Waters,Thomas J Waters Elementary School,6370
610221,Webster,Daniel Webster Elementary School,6380
609740,Wells HS,Wells Community Academy High School,1640
610110,"Wells, I",Ida B Wells Preparatory Elementary Academy,5250
610223,Wentworth,Daniel S Wentworth Elementary School,6390
610100,West Park,West Park Elementary Academy,5140
610542,West Ridge,West Ridge Elementary School,8440
610300,Westcott,Oliver S Westcott Elementary School,7260
609693,Westinghouse HS,George Westinghouse College Prep,1160
610225,Whistler,John Whistler Elementary School,6420
610315,White,Edward White Elementary Career Academy,7440
610227,Whitney,Eli Whitney Elementary School,6440
610228,Whittier,John Greenleaf Whittier Elementary School,6450
610230,Wildwood,Wildwood Elementary School,6470
610380,"Williams, D",Daniel Hale Williams Prep School of Medicine,7200
609977,Woodlawn,Woodlawn Community Elementary School,3860
610345,Woodson,Carter G Woodson South Elementary School,7820
610392,World Language HS,World Language Academy High School,4460
610234,Yates,Richard Yates Elementary School,6510
400134,Yccs Chtr - Addams,YCCS-Jane Addams Alternative HS,9051
400125,Yccs Chtr - Aspira Pantoja,"YCCS-ASPIRA,Antonia Pantoja Alternative HS",9042
400126,Yccs Chtr - Association House,"YCCS-Association House, El Cuarto Ano HS",9043
400127,Yccs Chtr - Austin Career,YCCS-Austin Career Education Center HS,9044
400131,Yccs Chtr - Campos,YCCS-Dr. Pedro Albizu Campos Puerto Rican HS,9601
400128,Yccs Chtr - Cca Academy,YCCS-CCA Academy HS,9045
400150,Yccs Chtr - Chatham,YCCS-Chatham Academy HS,9599
400145,Yccs Chtr - Community Academy,YCCS-Youth Connection Leadership Academy HS,9062
400123,Yccs Chtr - Community Service,YCCS-Academy of Scholastic Achievement HS,9040
400129,Yccs Chtr - Houston,YCCS-Charles Hamilton Houston Alternative HS,9046
400133,Yccs Chtr - Innovations,YCCS-Innovations of Arts Integration HS,9602
400135,Yccs Chtr - Latino Youth,YCCS-Latino Youth Alternative HS,9052
400124,Yccs Chtr - Mckinley,YCCS-Ada S. McKinley-Lakeside HS,9041
400136,Yccs Chtr - Olive Harvey,YCCS-Olive Harvey Middle College HS,9053
400139,Yccs Chtr - Sullivan,YCCS-Sullivan House Alternative HS,9056
400141,Yccs Chtr - Truman,YCCS-Truman Middle College HS,9058
400142,Yccs Chtr - Virtual,YCCS-Virtual HS,9059
400143,Yccs Chtr - West Town,YCCS-West Town Academy Alternative HS,9603
400144,Yccs Chtr - Westside Holistic,YCCS-Westside Holistic Leadership Academy HS,9604
400130,Yccs Chtr - Youth Development,YCCS-Community Youth Development Institute HS,9047
400087,Yng Women - Chtr Campus,Young Women's Leadership Charter High School,2490
609748,York HS,Consuella B York Alternative High School,1730
610235,Young,Ella Flagg Young Elementary School,6520
609755,Young HS,Whitney M Young Magnet High School,1810
609973,Zapata,Emiliano Zapata Elementary Academy,3820
