SchoolName,Address,Grades

ACE TECHNICAL CHTR HS,5410 S State St,9-12

ADDAMS,10810 S Avenue H,K-8*

AGASSIZ,2851 N Seminary Ave,K-8*

AIR FORCE HS,3630 S Wells St,9-12

ALBANY PARK,4929 N Sawyer Ave,7-8*

ALCOTT ES,2625 N Orchard St,K-8*

ALCOTT PREP HS,2957 N Hoyne Ave,9-12

ALDRIDGE,630 E 131st St,K-8*

AMANDLA CHTR HS,6800 S Stewart Ave,5-11

AMUNDSEN HS,5110 N Damen Ave,9-12*

ARIEL,1119 E 46th St,PK-8

ARMOUR,950 W 33rd Pl,K-8*

"ARMSTRONG, G",2110 W Greenleaf Ave,K-8*

"ARMSTRONG, G",2110 W Greenleaf Ave,3-8*

ASHBURN,8300 S St Louis Ave,PK-8

ASHE,8505 S Ingleside Ave,K-8*

ASIAN HUMAN SERVICES CHTR - PASSAGES,1643 W Bryn Mawr Ave,PK-8

ASPIRA CHTR - EARLY COLLEGE HS,3986 W Barry Ave,9-12

ASPIRA CHTR - HAUGAN,3729 W Leland Ave,6-8*

ASPIRA CHTR - RAMIREZ HS,1711 N California Ave,12

ATTUCKS,5055 S State St,2-8

AUDUBON,3500 N Hoyne Ave,K-8*

AUSTIN BUS & ENTRP HS,231 N Pine Ave,9-12

AUSTIN POLY HS,231 N Pine Ave,9-12

AVALON PARK,8045 S Kenwood Ave,K-8*

AZUELA,4707 W Marquette Rd,K-8*

BACK OF THE YARDS HS,2111 W 47th St,9-10

BANNER ACADEMY WEST HS,5035 W North Ave,9-12

BARNARD,10354 S Charles St,K-8*

BARRY,2828 N Kilbourn Ave,K-6*

BARTON,7650 S Wolcott Ave,K-8*

BASS,1140 W 66th St,K-8*

BATEMAN,4220 N Richmond St,K-8*

BEARD,6445 W Strong St,"PK, K"

BEASLEY,5255 S State St,PK-8

BEAUBIEN,5025 N Laramie Ave,K-8*

BEETHOVEN,25 W 47th St,K-8*

BEIDLER,3151 W Walnut St,K-8*

BELDING,4257 N Tripp Ave,K-8*

BELL,3730 N Oakley Ave,K-8*

BELMONT-CRAGIN,5252 W Palmer St,PK-8

BENNETT,10115 S Prairie Ave,K-8*

BLACK,9101 S Euclid Ave,K-8

BLAINE,1420 W Grace St,K-8*

BLAIR,6751 W 63rd Pl,PK

BOGAN HS,3939 W 79th St,9-12*

BOND,7050 S May St,K-8*

BOONE,6710 N Washtenaw Ave,K-8*

BOUCHET,7355 S Jeffery Blvd,K-8*

BOWEN HS,2710 E 89th St,9-12*

BOWEN HS,2710 E 89th St,12*

BOWEN HS,2710 E 89th St,9-12*

BRADWELL,7736 S Burnham Ave,K-8*

BRENNEMANN,4251 N Clarendon Ave,K-8*

BRENTANO,2723 N Fairfield Ave,K-8*

BRIDGE,3800 N New England Ave,K-8*

BRIGHT,10740 S Calhoun Ave,K-8*

BRIGHTON PARK,3825 S Washtenaw Ave,K-8*

BRONZEVILLE HS,4934 S Wabash Ave,9-12

BRONZEVILLE LIGHTHOUSE CHTR,8 W Root St,K-8

BROOKS HS,250 E 111th St,9-12

"BROWN, R",12607 S Union Ave,K-8*

"BROWN, W",54 N Hermitage Ave,K-8*

"BROWN, W",54 N Hermitage Ave,6-8*

BROWNELL,6741 S Michigan Ave,K-6*

BRUNSON,932 N Central Ave,K-8*

BUDLONG,2701 W Foster Ave,K-8*

BURBANK,2035 N Mobile Ave,K-8*

BURKE,5356 S King Dr,K-8*

BURLEY,1630 W Barry Ave,K-8*

BURNHAM,9928 S Crandon Ave,K-8*

BURNSIDE,650 E 91st Pl,PK-8

BURR,1621 W Wabansia Ave,K-8*

BURROUGHS,3542 S Washtenaw Ave,K-8*

BYRNE,5329 S Oak Park Ave,K-8*

CALDWELL,8546 S Cregier Ave,K-8*

CALDWELL,8546 S Cregier Ave,6-8*

CALMECA,3456 W 38th St,K-8*

CAMELOT SAFE - GARFIELD PARK ES,241 N Kolmar Ave,6-8

CAMELOT SAFE - GARFIELD PARK HS,241 N Kolmar Ave,9-12

CAMELOT SAFE ACADEMY ES,7877 S Coles Ave,6-8

CAMELOT SAFE ACADEMY HS,7877 S Coles Ave,9-12

CAMERON,1234 N Monticello Ave,K-8*

CAMRAS,3000 N Mango Ave,K-8*

CANTY,3740 N Panama Ave,K-8*

CARDENAS,2345 S Millard Ave,K-3*

CARNEGIE,1414 E 61st Pl,K-8*

CARROLL,2929 W 83rd St,K-8*

CARSON,5516 S Maplewood Ave,K-8*

CARTER,5740 S Michigan Ave,K-8*

CARVER MILITARY,13100 S Doty Ave,9-12

"CARVER, G",901 E 133rd Pl,K-8*

CASALS,3501 W Potomac Ave,K-8*

CASSELL,11314 S Spaulding Ave,K-8*

CASTELLANOS,2524 S Central Park Ave,4-8*

CATALYST CHTR - CIRCLE ROCK,5608 W Washington Blvd,K-8

CATALYST CHTR - HOWLAND,1616 S Spaulding Ave,K-8

CATALYST CHTR - MARIA,6727 S California Ave,"K-7, 9-12"

CATHER,2908 W Washington Blvd,K-8*

CHALMERS,2745 W Roosevelt Rd,K-8*

CHAPPELL,2135 W Foster Ave,K-8*

CHASE,2021 N Point St,K-8*

CHAVEZ,4747 S Marshfield Ave,K-8*

CHGO ACAD HS,3400 N Austin Ave,9-12

CHGO AG HS,3857 W 111th St,9-12

CHGO ARTS CONTR HS,2714 W Augusta Blvd,9-12

CHGO MATH & SCI ACAD CHTR HS,7212 N Clark St,6-12

CHGO MILITARY ACAD HS,3519 S Giles Ave,9-12

CHICAGO ACAD ES,3400 N Austin Ave,PK-8

CHICAGO CHTR COLLEGIATE,11816 S Indiana Ave,4-6

CHICAGO EXCEL CONTR ACAD,1269 W 111th St,9-12

CHICAGO TECH ACADEMY,1301 W 14th St,9-12

CHICAGO VIRTUAL CHTR HS,38 S Peoria St,K-12

CHICAGO VOCATIONAL HS,2100 E 87th St,9-11*

CHOPIN,2450 W Rice St,K-8*

CHRISTOPHER,5042 S Artesian Ave,K-8

CHRISTOPHER HOUSE CHTR,5235 W Belden Ave,K-2

CICS - AVALON / SOUTH SHORE,1501 E 83rd Pl,K-8

CICS - BASIL,1816 W Garfield Blvd,K-8

CICS - BUCKTOWN,2235 N Hamilton Ave,K-8

CICS - CHICAGOQUEST NORTH,1443 N Ogden Ave,6-9*

CICS - ELLISON,1817 W 80th St,9-12*

CICS - HAWKINS,801 E 133rd Pl,7-12

CICS - IRVING PARK,3820 N Spaulding Ave,K-8

CICS - LLOYD BOND,13300 S Langley Ave,K-6

CICS - LONGWOOD,1309 W 95th St,3-12

CICS - LOOMIS,9535 S Loomis St,K-2

CICS - NORTHTOWN,3900 W Peterson Ave,9-12*

CICS - PRAIRIE,11530 S Prairie Ave,K-8

CICS - WASHINGTON PARK,6105 S Michigan Ave,K-8

CICS - WEST BELDEN,2245 N McVicker Ave,K-8

CICS - WRIGHTWOOD,8130 S California Ave,K-8*

CLAREMONT,2300 W 64th St,K-8*

CLARK HS,5101 W Harrison St,8-12

"CLARK, G",1045 S Monitor Ave,K-8*

CLAY,13231 S Burley Ave,K-8*

CLEMENTE HS,1147 N Western Ave,9-12*

CLEVELAND,3121 W Byron St,K-8*

CLINTON,6110 N Fairfield Ave,K-8*

CLISSOLD,2350 W 110th Pl,K-8*

COLEMON,1441 W 119th St,K-8*

COLES,8441 S Yates Blvd,K-8*

COLLINS HS,1313 S Sacramento Dr,9-12

COLUMBIA EXPLORERS,4520 S Kedzie Ave,K-8*

COLUMBUS,1003 N Leavitt St,K-8*

COMMUNITY CONTR,1239 S Pulaski Rd,11-12

COOK,8150 S Bishop St,K-8*

COONLEY,4046 N Leavitt St,K-8*

COOPER,1624 W 19th St,K-5*

CORKERY,2510 S Kildare Ave,K-8*

CORLISS HS,821 E 103rd St,9-12*

CORLISS HS,821 E 103rd St,9-12*

COURTENAY,4420 N Beacon St,K-8*

CRANE HS,2245 W Jackson Blvd,12*

CRANE MEDICAL PREP HS,2245 W Jackson Blvd,9-10

CROWN,2128 S Saint Louis Ave,K-8*

CUFFE,8324 S Racine Ave,K-8*

CULLEN,10650 S Eberhart Ave,K-8*

CURIE HS,4959 S Archer Ave,9-12*

CURTIS,32 E 115th St,K-8*

DALEY,5024 S Wolcott Ave,K-8*

DARWIN,3116 W Belden Ave,K-8*

"DAVIS, M",6730 S Paulina St,K-8

"DAVIS, N",3014 W 39th Pl,K-8*

DAWES,3810 W 81st Pl,K-8*

DECATUR,7030 N Sacramento Ave,K-6

DENEEN,7240 S Wabash Ave,K-8*

DENEEN,7240 S Wabash Ave,7-8*

DEPRIEST,139 S Parkside Ave,K-8*

DETT,2131 W Monroe St,K-8*

DEVER,3436 N Osceola Ave,K-8*

DEVRY HS,3300 N Campbell Ave,11-12

DEWEY,5415 S Union Ave,K-8*

DIEGO,1313 N Claremont Ave,K-8*

DIRKSEN,8601 W Foster Ave,K-8*

DISNEY,4140 N Marine Dr,PK-8

DISNEY II ES,3815 N Kedvale Ave,PK-9

DISNEY II MAGNET HS,3900 N Lawndale Ave,7-10

DIXON,8306 S Saint Lawrence Ave,K-8*

DIXON,8306 S Saint Lawrence Ave,7-8*

DODGE,431 N Troy St,PK-8

DOOLITTLE,535 E 35th St,K-8*

DORE,6108 S Natoma Ave,K-8*

DOUGLASS HS,543 N Waller Ave,9-12*

DRAKE,2710 S Dearborn St,K-8*

DRUMMOND,1845 W Cortland St,PK-8

DUBOIS,330 E 133rd St,K-8*

DULLES,6311 S Calumet Ave,K-8*

DUNBAR HS,3000 S King Dr,9-12

DUNNE TECH ACAD,10845 S Union Ave,K-8*

DURKIN PARK,8445 S Kolin Ave,K-8*

DVORAK TECH ACAD,3615 W 16th St,K-8*

DYETT HS,555 E 51st St,12*

EARHART,1710 E 93rd St,K-6*

EARLE,2040 W 62nd St,K-8*

EBERHART,3400 W 65th Pl,K-8*

EBINGER,7350 W Pratt Ave,K-8*

EDGEBROOK,6525 N Hiawatha Ave,K-8*

EDISON PARK,6220 N Olcott Ave,K-8*

"EDISON, T",4929 N Sawyer Ave,K-8

EDWARDS,4815 S Karlov Ave,K-8*

ELLINGTON,243 N Parkside Ave,K-8*

EPIC CHTR HS,8255 S Houston Ave,9-12

ERICSON,3600 W 5th Ave,PK-8

ERIE CHTR,1405 N Washtenaw Ave,K-8

ESMOND,1865 W Montvale Ave,K-8*

EVERETT,3419 S Bell Ave,K-5*

EVERGREEN MS,3537 S Paulina St,6-8*

EVERS,9811 S Lowe Ave,K-8*

EXCEL ACADEMY - ENGLEWOOD HS,7141 S Morgan St,9-11

EXCEL ACADEMY - SOUTHWEST,7014 S Washtenaw Ave,9

EXCEL ACADEMY - WOODLAWN,7530 S South Shore Dr,9

FAIRFIELD,6201 S Fairfield Ave,K-8*

FALCONER,3020 N Lamon Ave,K-6*

FARADAY,3250 W Monroe St,K-8*

FARNSWORTH,5414 N Linder Ave,K-8*

FARRAGUT HS,2345 S Christiana Ave,9-12*

FARRAGUT HS,2345 S Christiana Ave,9-11*

FENGER HS,11220 S Wallace St,9-12*

FERNWOOD,10041 S Union Ave,K-8*

FIELD,7019 N Ashland Ave,4-8*

FINKL,2332 S Western Ave,K-8*

FISKE,6020 S Langley Ave,K-8*

FORD CHTR HS,931 S Homan Ave,12

FOREMAN HS,3235 N LeClaire Ave,9-12*

FORT DEARBORN,9025 S Throop St,K-8*

FOSTER PARK,8530 S Wood St,K-8*

FOUNDATIONS CHTR,1233 W 109th Street,6-7

FRANKLIN,225 W Evergreen Ave,K-8

FRAZIER CHTR,3711 W Douglas Blvd,PK-8

FRAZIER PROSPECTIVE,4027 W Grenshaw St,K-8

FULLER,4214 S St Lawrence Ave,K-8*

FULLER,4214 S St Lawrence Ave,4-8*

FULTON,5300 S Hermitage Ave,K-8*

FUNSTON,2010 N Central Park Ave,K-8*

GAGE PARK HS,5630 S Rockwell St,9-12*

GALAPAGOS CHTR,3814 W Iowa St,K-8

GALE,1631 W Jonquil Ter,K-8*

GALILEO,820 S Carpenter St,K-8

GALLISTEL,10347 S Ewing Ave,K-8*

GARVEY,10309 S Morgan St,K-8*

GARVY,5225 N Oak Park Ave,K-8*

GARY,3740 W 31st St,3-8*

GEORGE WESTINGHOUSE HS,3223 W Franklin Blvd,9-12

GILLESPIE,9301 S State St,K-8*

GLOBAL CITIZENSHIP CHTR,4647 W 47th St,K-7

GOETHE,2236 N Rockwell St,K-8*

GOODE ACAD HS,7651 S Homan Ave,9-11

GOUDY,5120 N Winthrop Ave,K-8*

GRAHAM,4436 S Union Ave,K-8*

"GRAHAM,R HS",2347 S Wabash Ave,9-12

"GRAY, W",3730 N Laramie Ave,K-8*

GREAT LAKES CHTR,8401 S Saginaw Ave,K-1

GREATER LAWNDALE HS,3120 S Kostner Ave,9-12*

GREELEY,832 W Sheridan Rd,K-8*

GREEN,1150 W 96th St,K-8*

GREENE,3525 S Honore St,K-5*

GREGORY,3715 W Polk St,K-8*

GRESHAM,8524 S Green St,K-8*

GRIMES,5450 W 64th Pl,K-8*

GRISSOM,12810 S Escanaba Ave,K-8*

GUNSAULUS,4420 S Sacramento Ave,PK-8

HAINES,247 W 23rd Pl,K-8*

HALE,6140 S Melvina Ave,K-8*

HALEY,11411 S Eggleston Ave,K-8*

HAMILTON,1650 W Cornelia Ave,K-8*

HAMLINE,4747 S Bishop St,K-8*

HAMMOND,2819 W 21st Pl,K-8*

HAMPTON,3434 W 77th St,K-8*

HANCOCK HS,4034 W 56th St,9-12*

HANSON PARK,5411 W Fullerton Ave,K-8*

HARLAN HS,9652 S Michigan Ave,9-12*

HARPER HS,6520 S Wood St,9-12*

HARTE,1556 E 56th St,K-8*

HARVARD,7525 S Harvard,K-8*

HAUGAN,4540 N Hamlin Ave,K-6*

HAWTHORNE,3319 N Clifton Ave,K-8

HAY,1018 N Laramie Ave,K-8*

HAYT,1518 W Granville Ave,K-8*

HEALY,3010 S Parnell Ave,K-8*

HEARST,4640 S Lamon Ave,K-8*

HEDGES,4747 S Winchester Ave,K-8*

HEFFERAN,4409 W Wilcox St,K-8*

HENDERSON,5650 S Wolcott Ave,K-8*

HENDRICKS,4316 S Princeton Ave,K-8*

HENRY,4250 N Saint Louis Ave,K-6*

HERNANDEZ MS,3510 W 55th St,6-8*

HEROES,8344 S Commercial Ave,K-8*

HERZL,3711 W Douglas Blvd,K-8*

HIBBARD,3244 W Ainslie St,K-6*

HIGGINS,11710 S Morgan St,K-8*

HIRSCH HS,7740 S Ingleside Ave,9-12*

HIRSCH HS,7740 S Ingleside Ave,9-12*

HIRSCH HS,7740 S Ingleside Ave,9-12*

HITCH,5625 N McVicker Ave,K-8*

HOLDEN,1104 W 31st St,K-8*

HOLMES,955 W Garfield Blvd,K-8*

HOPE CONTR ES,1628 W Washington,K-5

HOPE PREP HS,5515 S Lowe Ave,9-12*

HOWE,720 N Lorel Ave,K-8*

HOYNE,8905 S Crandon Ave,K-6*

HOYNE,8905 S Crandon Ave,K-3*

HSA CHTR - SW CHICAGO,5401 S. Western,K-8

HUBBARD HS,6200 S Hamlin Ave,9-12*

"HUGHES, C",4247 W 15th St,K-8*

"HUGHES, L",240 W 104th St,K-8*

HURLEY,3849 W 69th Pl,K-8*

HYDE PARK HS,6220 S Stony Island Ave,9-12*

HYDE PARK HS,6220 S Stony Island Ave,9-12*

INFINITY HS,3120 S Kostner Ave,9-12*

INSTITUTO CHTR - HEALTH SCIENCES,2520 S Western Ave,9-12

INSTITUTO CHTR - JUSTICE  AND LEADERSHIP,2570 S Blue Island Ave,10-12

INSTITUTO CHTR - RUDY LOZANO,2520 S Western Ave,12

INTER-AMERICAN,851 W Waveland Ave,PK-8

INTRINSIC CHTR,4540 W Belmont Ave,"7, 9, 10"

IRVING,749 S Oakley Blvd,K-8*

"JACKSON, A",1340 W Harrison St,K-8

"JACKSON, M",917 W 88th St,K-8*

JAHN,3149 N Wolcott Ave,K-8*

JAMIESON,5650 N Mozart St,K-8*

JEFFERSON ALT HS,1100 S Hamilton Ave,6-12

JENNER,1119 N Cleveland Ave,K-8*

JENSEN,3030 W Harrison St,K-8*

JOHNSON,1420 S Albany Ave,K-8*

JONES HS,700 S State St,9-12

JOPLIN,7931 S Honore St,K-8*

JORDAN,7414 N Wolcott Ave,K-8*

JUAREZ HS,2150 S Laflin St,9-12*

JULIAN HS,10330 S Elizabeth St,9-12*

JUNGMAN,1746 S Miller St,K-8*

KANOON,2233 S Kedzie Ave,K-8*

KELLER,3020 W 108th St,1-8

KELLMAN,3030 W Arthington St,PK-8

KELLOGG,9241 S Leavitt St,K-8*

KELLY HS,4136 S California Ave,9-12*

KELVYN PARK HS,4343 W Wrightwood Ave,7-12*

KELVYN PARK HS,4343 W Wrightwood Ave,7-8*

KENNEDY HS,6325 W 56th St,9-12*

KENWOOD HS,5015 S Blackstone Ave,9-12*

KERSHAW,6450 S Lowe Ave,PK-8

KILMER,6700 N Greenview Ave,K-8*

KING,644 W 71st St,K-8*

KING HS,4445 S Drexel Blvd,9-12

KINZIE,5625 S Mobile Ave,K-8*

KIPLING,9351 S Lowe Ave,K-8*

KIPP CHTR - ASCEND,1616 S Avers Ave,1-8

KIPP CHTR - ASCEND PRIMARY,1440 S Christiana,K

KIPP CHTR - BLOOM,5515 S Lowe Ave,5-6

KIPP CHTR - CREATE,4837 W Erie St,5-7

KOZMINSKI,936 E 54th St,K-8*

LAKE VIEW HS,4015 N Ashland Ave,9-12*

LANE HS,2501 W Addison St,7-12

LANGFORD,6010 S Throop St,K-8*

LARA,4619 S Wolcott Ave,K-8*

LASALLE,1734 N Orleans St,K-8

LASALLE II,1148 N Honore St,PK-8

LAVIZZO,138 W 109th St,K-8*

LAWNDALE,3500 W Douglas Blvd,K-8*

LEARN CHRT - SOUTH CHICAGO,8914 S Buffalo Ave,K-7

LEARN CHTR - BUTLER,1132 S Homan Ave,PK-8

LEARN CHTR - CAMPBELL,212 S Francisco Ave,K-5

LEARN CHTR - EXCEL,3021 W Carroll Ave,K-5

LEARN CHTR - HUNTER PERKINS,1700 W 83rd St,K-6

LEARN CHTR 7,3021 W Carroll Ave,K-4

LEARN CHTR MIDDLE SCHOOL,3021 W Carroll Ave,6-8

LEE,6448 S Tripp Ave,K-8*

LEGACY CHTR,4217 W 18th St,PK-8

LEGAL PREP CHTR ACADEMY,1901 W Carroll Ave,9-11

LELAND,512 S Lavergne Ave,K-8*

LENART,8101 S LaSalle St,PK-8

LEWIS,1431 N Leamington Ave,K-8*

LIBBY,5300 S Loomis Blvd,K-8*

LINCOLN,615 W Kemper Pl,K-8*

LINCOLN PARK HS,2001 N Orchard St,9-12*

LINDBLOM HS,6130 S Wolcott Ave,7-12

LITTLE BLACK PEARL ACADEMY HS,1060 E 47th St,9-12

LITTLE VILLAGE,2620 S Lawndale Ave,K-8*

LLOYD,2103 N Lamon Ave,K-5*

"LOCKE, A CHTR",3141 W Jackson Blvd,PK-8

"LOCKE, J",2828 N Oak Park Ave,K-8*

LOGANDALE MS,3212 W George St,K-8*

LORCA,3231 N Springfield Ave,K-8*

LOVETT,6333 W Bloomingdale Ave,K-8*

LOWELL,3320 W Hirsch St,K-8*

LOZANO,1501 N Greenview Ave,K-8*

LYON,2941 N McVicker Ave,K-8*

MADERO,3202 W 28th St,6-8*

MADISON,7433 S Dorchester Ave,K-8*

MAGIC JOHNSON - CHATHAM,214 W 83rd Street,9-12

MAGIC JOHNSON ACADEMY- HUMBOLDT PK HS,2421 W. Division,9-12

MAGIC JOHNSON ACADEMY- NORTH LAWNDALE HS,3222 W Roosevelt Rd,9-12

MAGIC JOHNSON ACADEMY- ROSELAND HS,10928 S. Halsted Ave,9-10

MAGIC JOHNSON ACADEMY-ENGLEWOOD HS,845 W 69th Street,9-12

MANIERRE,1420 N Hudson Ave,K-8*

MANLEY HS,2935 W Polk St,9-12*

MANLEY HS,2935 W Polk St,9-11*

MANN,8050 S Chappel Ave,K-8*

MARINE ACAD AT AMES,1920 N Hamlin Ave,7-12

MARINE MILITARY HS,145 S Campbell Ave,10-12

MARQUETTE,6550 S Richmond St,K-8*

MARSH,9822 S Exchange Ave,K-8*

MARSHALL HS,3250 W Adams St,9-12*

MARSHALL HS,3250 W Adams St,9-11*

"MARSHALL, T MS",3900 N Lawndale Ave,7-8*

MASON,4217 W 18th St,K-8*

MATHER HS,5835 N Lincoln Ave,9-12*

MAYER,2250 N Clifton Ave,K-8*

MAYS,6656 S Normal Blvd,K-8*

MCAULIFFE,1841 N Springfield Ave,K-8*

MCCLELLAN,3527 S Wallace St,K-8*

MCCORMICK,2712 S Sawyer Ave,K-5*

MCCUTCHEON,4865 N Sheridan Rd,K-8*

MCDADE,8801 S Indiana Ave,K-6

MCDOWELL,1419 E 89th St,K-5*

MCKAY,6901 S Fairfield Ave,K-8*

MCNAIR,4820 W Walton St,K-8*

MCPHERSON,4728 N Wolcott Ave,K-8*

MELODY,3937 W Wilcox St,K-8*

METCALFE,12339 S Normal Ave,K-8*

MIRELES,9000 S Exchange Ave,K-8*

MITCHELL,2233 W Ohio St,K-8*

MOLLISON,4415 S Dr Martin L King Jr Dr,K-8*

MONROE,3651 W Schubert Ave,K-8*

MONTEFIORE,1310 S Ashland Ave,8

MONTESSORI CHTR - ENGLEWOOD,6550 S Seeley Ave,PK-6

MOOS,1711 N California Ave,K-8*

MORGAN PARK HS,1744 W Pryor Ave,9-12*

MORRILL,6011 S Rockwell St,K-8*

MORTON,431 N Troy St,K-8*

MOUNT GREENWOOD,10841 S Homan Ave,K-8*

MOUNT VERNON,10540 S Morgan St,K-8*

MOZART,2200 N Hamlin Ave,K-8*

MULTICULTURAL ACAD SCHOLARSHIP,3120 S Kostner Ave,9-12*

MURPHY,3539 W Grace St,K-8*

MURRAY,5335 S Kenwood Ave,K-8

NAMASTE CHTR,3737 S Paulina St,K-8

NASH,4837 W Erie St,K-8*

NATIONAL TEACHERS,55 W Cermak Rd,K-8*

NEIL,8555 S Michigan Ave,K-8*

NETTELHORST,3252 N Broadway St,K-8*

NEW FIELD,1707 W Morse Ave,K-3*

NEW FIELD,1707 W Morse Ave,K-2*

NEW SULLIVAN,8331 S Mackinaw Ave,K-8*

NEWBERRY,700 W Willow St,PK-8

NICHOLSON TECH ACAD,6006 S Peoria St,K-8*

NIGHTINGALE,5250 S Rockwell St,K-8*

NIXON,2121 N Keeler Ave,K-6*

NKRUMAH CHTR,314 W 108th St,K-7

NOBEL,4127 W Hirsch St,K-8*

NOBLE CHTR - ACADEMY,17 N State,9

NOBLE CHTR - BAKER COLLEGE PREP,2710 E 89th St,9-10

NOBLE CHTR - BUTLER,821 E 103rd St,9-10

NOBLE CHTR - CHGO BULLS,2040 W Adams St,9-12*

NOBLE CHTR - COMER,7200 S Ingleside Ave,9-12*

NOBLE CHTR - DRW,931 S Homan Ave,9-11

NOBLE CHTR - GOLDER,1454 W Superior St,9-12

NOBLE CHTR - HANSBERRY,8748 S Aberdeen St,9-11

NOBLE CHTR - ITW DAVID SPEER,2456 N Mango Ave.,9

NOBLE CHTR - JOHNSON,6350 S Stewart Ave,9-12

NOBLE CHTR - MUCHIN,1 N State St,9-12

NOBLE CHTR - NOBLE,1010 N Noble St,9-12

NOBLE CHTR - PRITZKER,4131 W Cortland Ave,9-12

NOBLE CHTR - RAUNER,1337 W Ohio St,9-12

NOBLE CHTR - ROWE CLARK,3645 W Chicago Ave,9-12

NOBLE CHTR - UIC,1231 S Damen Ave,9-12*

NORTH LAWNDALE CHTR - COLLINS,1313 S Sacramento Dr,9-12

NORTH RIVER,4416 N Troy St,PK-8

NORTH-GRAND HS,4338 W Wabansia Ave,9-12*

NORTHSIDE LEARNING HS,3730 W Bryn Mawr Ave,9-12

NORTHSIDE PREP HS,5501 N Kedzie Ave,9-12

NORTHWEST,5252 W Palmer St,6-8*

NORWOOD PARK,5900 N Nina Ave,K-8*

NTH LAWNDALE CHTR - CHRISTIANA,1615 S Christiana Ave.,9-12

OGDEN ES,24 W Walton St,K-8*

OGDEN HS,1250 W Erie St,6-12

OGLESBY,7646 S Green St,K-8*

OMBUDSMAN - NORTHWEST HS,7500 N Harlem Ave,9-12

OMBUDSMAN - SOUTH HS,6057 S Western Ave,9

OMBUDSMAN - WEST HS,2401 W. Congress Pkwy,9-12

ONAHAN,6634 W Raven St,K-8*

ORIOLE PARK,5424 N Oketo Ave,K-8*

OROZCO,1940 W 18th St,6-8*

ORR HS,730 N Pulaski Rd,9-12*

ORTIZ DE DOMINGUEZ,3000 S Lawndale Ave,K-2*

OTIS,525 N Armour St,K-8*

OWEN,8247 S Christiana Ave,K-8

OWENS,12302 S State St,K-8*

O`KEEFFE,6940 S Merrill Ave,K-8*

O`TOOLE,6550 S Seeley Ave,K-8*

PALMER,5051 N Kenneth Ave,K-8*

PARK MANOR,7037 S Rhodes Ave,K-8*

PARKER,6800 S Stewart Ave,K-8*

PARKSIDE,6938 S East End Ave,K-8*

PASTEUR,5825 S Kostner Ave,K-8*

PATHWAYS IN EDUCATION - AVONDALE HS,3100 W Belmont Ave,9-12

PATHWAYS IN EDUCATION - BRIGHTON PARK HS,3124 W 47th Street,9

PATHWAYS IN EDUCATION - LINCOLN SQ HS,4820 N Western Avenue,9

PATHWAYS IN EDUCATION HS,3270 W 87th St,9-12

PAYTON HS,1034 N Wells St,9-12

PEACE AND EDUCATION HS,4946 S Paulina St,10-12

PECK,3826 W 58th St,K-8*

PEIRCE,1423 W Bryn Mawr Ave,K-8*

PENN,1616 S Avers Ave,K-8*

PEREZ,1241 W 19th St,K-8*

PERSHING,3200 S Calumet Ave,K-8*

PERSPECTIVES CHTR - IIT,3663 S Wabash Ave,6-12

PERSPECTIVES CHTR - JOSLIN,1930 S Archer Ave,6-12

PERSPECTIVES CHTR - LEADERSHIP ACADEMY,8131 S May St,6-12

PERSPECTIVES CHTR - TECH HS,8131 S May St,9-12

PETERSON,5510 N Christiana Ave,K-8*

PHILLIPS HS,244 E Pershing Rd,9-12*

PHILLIPS HS,244 E Pershing Rd,9-11*

PHOENIX MILITARY HS,145 S Campbell Ave,9-12

PICCOLO,1040 N Keeler Ave,K-8*

PICKARD,2301 W 21st Pl,K-8*

PILSEN,1420 W 17th St,K-8*

PIRIE,650 E 85th St,K-6*

PLAMONDON,2642 W 15th Pl,K-8*

PLATO CONTR,5545 W Harrison St,K-8

POE,10538 S Langley Ave,K-6

POLARIS CHTR,620 N Sawyer Ave,K-8

PORTAGE PARK,5330 W Berteau Ave,K-8*

POWELL,7511 S South Shore Dr,K-8*

PRESCOTT,1632 W Wrightwood Ave,K-8*

PRIETO,2231 N Central Ave,K-8*

PRITZKER,2009 W Schiller St,K-8*

PROLOGUE - JOHNSTON CHTR HS,1551 W 95th St,9-12

PROLOGUE CONTR HS,1135 N Cleaver St,9-12

PROSSER HS,2148 N Long Ave,9-12

PROVIDENCE CHTR - BUNCHE,6515 S Ashland Ave,K-8

PRUSSING,4650 N Menard Ave,K-8*

PULASKI,2230 W McLean Ave,K-8*

PULLMAN,11311 S Forrestville Ave,K-8*

RABY HS,3545 W Fulton Blvd,9-12

RANDOLPH,7316 S Hoyne Ave,K-8*

RAVENSWOOD,4332 N Paulina St,K-8*

RAY,5631 S Kimbark Ave,K-8*

RAY,5631 S Kimbark Ave,7-8*

REAVIS,834 E 50th St,K-8*

REILLY,3650 W School St,K-8*

REINBERG,3425 N Major Ave,K-8*

REVERE,1010 E 72nd St,K-8*

RICHARDS HS,5009 S Laflin St,9-12*

RICKOVER HS,5900 N Glenwood Ave,9-12

ROBESON HS,6835 S Normal Blvd,9-12*

ROBINSON,4225 S Lake Park Ave,K-3*

ROGERS,7345 N Washtenaw Ave,K-8*

ROOSEVELT HS,3436 W Wilson Ave,9-12*

ROWE CHTR,1424 N Cleaver St,K-7

RUDOLPH,110 N Paulina St,PK

RUGGLES,7831 S Prairie Ave,K-8*

RUIZ,2410 S Leavitt St,K-8*

RYDER,8716 S Wallace St,K-8*

SABIN,2216 W Hirsch St,K-8

SALAZAR,160 W Wendell St,PK-8

SANDOVAL,5534 S Saint Louis Ave,K-5*

SAUCEDO,2850 W 24th Blvd,PK-8

SAUGANASH,6040 N Kilpatrick Ave,K-8*

SAWYER,5248 S Sawyer Ave,K-8*

SAYRE,1850 N Newland Ave,K-8*

SCAMMON,4201 W Henderson St,K-8*

SCHMID,9755 S Greenwood Ave,K-8*

SCHUBERT,2727 N Long Ave,K-5*

SCHURZ HS,3601 N Milwaukee Ave,9-12*

SENN HS,5900 N Glenwood Ave,9-12*

SEWARD,4600 S Hermitage Ave,K-8*

SHABAZZ CHTR - DUSABLE,4934 S Wabash Ave,11-12

SHABAZZ CHTR - SHABAZZ,7823 S Ellis Ave,K-8

SHABAZZ CHTR - SIZEMORE,6936 S Hermitage Ave,K-8

SHERIDAN,533 W 27th St,K-8

SHERMAN,1000 W 52nd St,K-8*

SHERWOOD,245 W 57th St,K-8*

SHIELDS,4250 S Rockwell St,K-4*

SHIELDS MIDDLE,2611 W 48th St,5-8*

SHOESMITH,1330 E 50th St,K-6*

SHOOP,11140 S Bishop St,K-8*

SIMEON HS,8147 S Vincennes Ave,9-12

SIMPSON HS,1321 S Paulina St,7-12

SKINNER,1260 W Adams St,K-5*

SKINNER NORTH,640 W Scott St,K-7

SMITH,744 E 103rd St,K-8*

SMYSER,4310 N Melvina Ave,K-8*

SMYTH,1059 W 13th St,K-8*

SOLOMON,6206 N Hamlin Ave,K-8*

SOLORIO HS,5400 S St Louis Ave,9-12*

SOUTH LOOP,1212 S Plymouth Ct,K-8*

SOUTH SHORE INTL HS,1955 E 75th St,12*

SOUTHSHORE,1415 E 70th St,PK-8

SOUTHSIDE HS,7342 S Hoyne Ave,12

SPENCER TECH ACAD,214 N Lavergne Ave,K-8*

SPRY ES,2400 S Marshall Blvd,K-8*

SPRY HS,2400 S Marshall Blvd,9-11

STAGG,7424 S Morgan St,K-8*

STEINMETZ COLLEGE PREP HS,3030 N Mobile Ave,9-12*

STEM ACADEMY,1522 W Fillmore St,K-6

STEVENSON,8010 S Kostner Ave,K-8*

STOCK,7507 W Birchwood Ave,PK

STONE,6239 N Leavitt St,K-8

STOWE,3444 W Wabansia Ave,K-8*

SUDER,2022 W Washington Blvd,PK-8

SULLIVAN HS,6631 N Bosworth Ave,9-12*

SUMNER,4320 W 5th Ave,K-8*

SUTHERLAND,10015 S Leavitt St,K-8*

SWIFT,5900 N Winthrop Ave,K-8*

TAFT HS,6530 W Bryn Mawr Ave,9-12*

TALCOTT,1840 W Ohio St,K-8*

TALMAN,5450 S Talman Ave,PK-8

TANNER,7350 S Evans Ave,K-8*

TARKINGTON,3330 W 71st St,K-8*

TAYLOR,9912 S Avenue H,K-8*

TEAM HS,6201 S Stewart Ave,9-12

TELPOCHCALLI,2832 W 24th Blvd,K-8*

THOMAS,3625 S Hoyne Ave,PK

"THORP, J",8914 S Buffalo Ave,K-8*

"THORP, O",6024 W Warwick Ave,K-8

TILDEN HS,4747 S Union Ave,9-12*

TILL,6543 S Champlain Ave,K-8*

TILTON,223 N Keeler Ave,K-8*

TONTI,5815 S Homan Ave,K-5*

TURNER-DREW,9300 S Princeton Ave,K-8

TWAIN,5134 S Lotus Ave,K-8*

UNIV OF CHGO CHTR - DONOGHUE,707 E 37th St,PK-5*

UNIV OF CHGO CHTR - NKO,1119 E 46th St,PK-5

UNIV OF CHGO CHTR - WOODLAWN,6420 S University Ave,6-12*

UNIV OF CHGO CHTR - WOODSON,4444 S Evans Ave,6-8*

UNO CHTR - DE LAS CASAS,1641 W 16th St,K-8

UNO CHTR - ESMERALDA SANTIAGO,2510 W Cortez St,K-8

UNO CHTR - FUENTES,2845 W Barry Ave,K-8*

UNO CHTR - HOMAN ES,5050 S Homan Ave,K-8

UNO CHTR - MAJOR HECTOR P.GARCIA,4248 W 47th St,9-12

UNO CHTR - MARQUEZ,2916 W 47th St,K-8

UNO CHTR - NEAR WEST,2050 N Natchez Ave,K-8*

UNO CHTR - PAZ,2651 W 23rd St,K-8

UNO CHTR - PFC OMAR E.TORRES,4248 W 47th St,K-8

UNO CHTR - ROGERS PARK,7416 N Ridge Blvd,K-10

UNO CHTR - SANDRA CISNEROS,2744 W Pershing Rd,K-8

UNO CHTR - SOCCER HS,5025 S Saint Louis Ave,6-10

UNO CHTR - SPC DANIEL ZIZUMBO,4248 W 47th St,K-8

UNO CHTR - TAMAYO,5135 S California Ave,K-8*

UNO CHTR 15 - BRIGHTON PARK,4420 S Fairfield Ave,K-8

UPLIFT HS,900 W Wilson Ave,9-12

URBAN PREP CHTR - BRONZEVILLE,521 E 35th St,9-12

URBAN PREP CHTR - ENGLEWOOD,6201 S Stewart Ave,9-12

URBAN PREP CHTR - WEST,1326 W 14th Pl,9-12

VANDERPOEL,9510 S Prospect Ave,K-8

VAUGHN HS,4355 N Linder Ave,9-10

VICK,2554 W 113th St,PK

VOISE HS,231 N Pine Ave,9-12

VOLTA,4950 N Avers Ave,K-8*

VON LINNE,3221 N Sacramento Ave,K-8*

VON STEUBEN HS,5039 N Kimball Ave,9-12

WACKER,9746 S Morgan St,K-8*

WADSWORTH,6650 S Ellis Ave,K-8*

WALSH,2015 S Peoria St,K-8*

"WARD, J",2701 S Shields Ave,K-8*

"WARD, L",646 N Lawndale Ave,K-8*

WARREN,9239 S Jeffery Ave,K-8*

WARREN,9239 S Jeffery Ave,7-8*

WARREN,9239 S Jeffery Ave,7-8*

WARREN,9239 S Jeffery Ave,4-8*

WASHINGTON HS,3535 E 114th St,9-12*

"WASHINGTON, G",3611 E 114th St,K-8*

"WASHINGTON, H",9130 S University Ave,K-8*

WATERS,4540 N Campbell Ave,K-8*

WEBSTER,4055 W Arthington St,K-8*

WELLS HS,936 N Ashland Ave,9-12*

WELLS HS,936 N Ashland Ave,9-11*

"WELLS, I",249 E 37th St,K-8*

WENTWORTH,1340 W 71st St,K-8*

WEST PARK,1425 N Tripp Ave,K-8*

WEST RIDGE,6700 N Whipple St,K-8*

WESTCOTT,409 W 80th St,K-8*

WHISTLER,11533 S Ada St,K-8*

WHITE,1136 W 122nd St,K-8*

WHITNEY,2815 S Komensky Ave,K-8*

WHITTIER,1900 W 23rd St,K-8*

WILDWOOD,6950 N Hiawatha Ave,K-8*

"WILLIAMS, D",4934 S Wabash Ave,9-12

WINNIE MANDELA HS,7847 S Jeffery Blvd,9-12

WOODLAWN,6657 S Kimbark Ave,PK-6

WOODSON,4414 S Evans Ave,K-8*

WOODSON,4414 S Evans Ave,4-8*

WORLD LANGUAGE HS,3120 S Kostner Ave,9-12*

YATES,1839 N Richmond St,K-8*

YCCS CHTR - ADDAMS,1814 S Union Ave,10-11

YCCS CHTR - ASPIRA PANTOJA,3121 N Pulaski Rd,10-12

YCCS CHTR - ASSOCIATION HOUSE,1116 N Kedzie Ave,10-12

YCCS CHTR - AUSTIN CAREER,5352 W Chicago Ave,10-12

YCCS CHTR - CAMPOS,2739 W Division St,10-12

YCCS CHTR - CCA ACADEMY,1231 S Pulaski Rd,10-12

YCCS CHTR - CHATHAM,9035 S Langley Ave,10-12

YCCS CHTR - COMMUNITY ACADEMY,3424 S State St,10-12

YCCS CHTR - COMMUNITY SERVICE,4651 W Madison St,10-12

YCCS CHTR - HOUSTON,4701 S King Dr,10-12

YCCS CHTR - INNOVATIONS,17 N State St.,10-12

YCCS CHTR - LATINO YOUTH,2001 S California Ave,10-12

YCCS CHTR - MCKINLEY,2920 S Wabash Ave,10-12

YCCS CHTR - OLIVE HARVEY,10001 S Woodlawn Ave,10-11

YCCS CHTR - SULLIVAN,8164 S South Chicago Ave,10-12

YCCS CHTR - TRUMAN,1145 W Wilson Ave,10-12

YCCS CHTR - VIRTUAL,1900 W Van Buren St,10-12

YCCS CHTR - WEST TOWN,500 N Sacramento Blvd,10-12

YCCS CHTR - WESTSIDE HOLISTIC,4909 W Division St,10-12

YCCS CHTR - YOUTH DEVELOPMENT,7836 S Union Ave,10-12

YORK HS,2700 S California Ave,9-12

YOUNG,1434 N Parkside Ave,K-8*

YOUNG HS,211 S Laflin St,7-12

YOUNG WOMEN`S LEADERSHIP CHTR,2641 S Calumet Ave,7-12

ZAPATA,2728 S Kostner Ave,K-8*
